-- --------------------------------------------------------
-- Хост:                         127.0.0.1
-- Версия сервера:               5.6.24-log - MySQL Community Server (GPL)
-- ОС Сервера:                   Win64
-- HeidiSQL Версия:              9.2.0.4947
-- --------------------------------------------------------

/*!40101 SET @OLD_CHARACTER_SET_CLIENT=@@CHARACTER_SET_CLIENT */;
/*!40101 SET NAMES utf8mb4 */;
/*!40014 SET @OLD_FOREIGN_KEY_CHECKS=@@FOREIGN_KEY_CHECKS, FOREIGN_KEY_CHECKS=0 */;
/*!40101 SET @OLD_SQL_MODE=@@SQL_MODE, SQL_MODE='NO_AUTO_VALUE_ON_ZERO' */;

-- Дамп структуры базы данных my_tests
CREATE DATABASE IF NOT EXISTS `my_tests` /*!40100 DEFAULT CHARACTER SET utf8 */;
USE `my_tests`;


-- Дамп структуры для таблица my_tests.answers
CREATE TABLE IF NOT EXISTS `answers` (
  `id` int(11) unsigned NOT NULL AUTO_INCREMENT,
  `answer` text,
  `questions_id` int(11) unsigned NOT NULL,
  PRIMARY KEY (`id`),
  KEY `FK_answers_questions` (`questions_id`),
  CONSTRAINT `FK_answers_questions` FOREIGN KEY (`questions_id`) REFERENCES `questions` (`id`)
) ENGINE=InnoDB AUTO_INCREMENT=202 DEFAULT CHARSET=utf8 COMMENT='Таблица с ответами';

-- Дамп данных таблицы my_tests.answers: ~200 rows (приблизительно)
/*!40000 ALTER TABLE `answers` DISABLE KEYS */;
INSERT INTO `answers` (`id`, `answer`, `questions_id`) VALUES
	(1, 'Не может, ведь их разделяет ночь.', 1),
	(2, 'Конечно может, даже больше.', 1),
	(3, 'Дожди идут только по ночам.', 1),
	(4, 'Когда это дождь научился ходить?', 1),
	(5, 'Конечно же нет.', 2),
	(6, 'Конечно, бывает.', 2),
	(7, 'Затрудняюсь с ответом.', 2),
	(8, 'Что такое Австралия?', 2),
	(9, '8', 3),
	(10, 'Все.', 3),
	(11, '3', 3),
	(12, '9', 3),
	(13, 'Только один.', 4),
	(14, 'Все, кроме десяти.', 4),
	(15, 'Все, кроме одного.', 4),
	(16, 'Одинадцять.', 4),
	(17, 'Тридцать три.', 5),
	(18, 'Много.', 5),
	(19, ' Столько же, как и тебе, ведь ты - за рулем.', 5),
	(20, 'Двадцать восемь.', 5),
	(21, 'Три лошади.', 6),
	(22, 'Шесть лошадей.', 6),
	(23, 'Четыре лошади.', 6),
	(24, 'Две лошади.', 6),
	(25, 'Бьет баклуши.', 7),
	(26, 'Играет в шахматы ', 7),
	(27, 'Готовит обед.', 7),
	(28, 'С любовником в...', 7),
	(29, 'Сделали две ходки.', 8),
	(30, 'Вплавь.', 8),
	(31, 'Решили не плыть и пошли в бар.', 8),
	(32, 'Они были на разных берегах.', 8),
	(33, 'В воскресенье .', 9),
	(34, 'В понедельник.', 9),
	(35, 'Во вторник.', 9),
	(36, 'В пятницу.', 9),
	(37, 'Конечно, багатый.', 10),
	(38, 'Бедный, там живет важный стукач.', 10),
	(39, 'Не будет тушить, не их дело.', 10),
	(40, 'Оба.', 10),
	(41, 'Одно.', 11),
	(42, 'Двенадцать.', 11),
	(43, 'Ни одного.', 11),
	(44, 'Я живу на полюсе здесь лета нет.', 11),
	(45, 'Они жили в разных городах.', 12),
	(46, 'Они жили в паралельных мирах.', 12),
	(47, 'Они родились слепыми.', 12),
	(48, 'Они были програмистами.', 12),
	(49, 'Голову.', 13),
	(50, 'Молоток.', 13),
	(51, 'Светку.', 13),
	(52, ' Локоть правой руки.', 13),
	(53, 'Проползти у тебя между ног.', 14),
	(54, 'Раздить тебе нос.', 14),
	(55, 'Заработать 1000 доларов в день, узнай как...', 14),
	(56, 'Забить гвоздь, ведь я мужик!', 14),
	(57, 'Мерседес', 15),
	(58, 'Тойота', 15),
	(59, 'Хонда', 15),
	(60, 'Лада', 15),
	(61, 'Экспортный товар', 16),
	(62, 'Брак', 16),
	(63, 'Знак качества', 16),
	(64, 'Медаль', 16),
	(65, 'Лопата', 17),
	(66, 'Мотыга', 17),
	(67, 'Плуг', 17),
	(68, 'Борона', 17),
	(69, 'Австромарксизм', 18),
	(70, 'Астронавтика', 18),
	(71, 'Астрология', 18),
	(72, 'Астрономия', 18),
	(73, 'Коралловые бусы', 19),
	(74, 'Тульский пряник', 19),
	(75, 'Аленький цветочек', 19),
	(76, 'Золотое руно', 19),
	(77, 'Мать-и-мачеха', 20),
	(78, 'Незабудка', 20),
	(79, 'Василек', 20),
	(80, 'Ромашка', 20),
	(81, 'Во время работы', 21),
	(82, 'Во время поста', 21),
	(83, 'Во время сна', 21),
	(84, 'Во время еды', 21),
	(85, 'Пулю', 22),
	(86, 'Стрелу', 22),
	(87, 'Слезу', 22),
	(88, 'Корни', 22),
	(89, 'О себе', 23),
	(90, 'Об автомобилях', 23),
	(91, 'О биологии', 23),
	(92, 'О будущем', 23),
	(93, 'Одеколон', 24),
	(94, 'Самогон', 24),
	(95, 'Квас', 24),
	(96, 'Нитроглицерин', 24),
	(97, 'Рублем', 25),
	(98, 'Автопробегом', 25),
	(99, 'Ботинком', 25),
	(100, 'Энтузиазмом', 25),
	(101, 'Большие зубы', 26),
	(102, 'Большие планы', 26),
	(103, 'Большие претензии', 26),
	(104, 'Маленькая пенсия', 26),
	(105, '"Красное и черное"', 27),
	(106, '"Женщина в белом"', 27),
	(107, '"Черный тюльпан"', 27),
	(108, '"Маска Красной смерти"', 27),
	(109, 'Марс', 28),
	(110, 'Нептун', 28),
	(111, 'Сатурн', 28),
	(112, 'Венера', 28),
	(114, 'Индия', 29),
	(115, 'Эфиопия', 29),
	(116, 'Алжир', 29),
	(117, 'Бразилия', 29),
	(118, 'Колодец', 30),
	(119, 'Подземка', 30),
	(120, 'Шапка', 30),
	(121, 'Подвал', 30),
	(122, 'Юпитер', 31),
	(123, 'Марс', 31),
	(124, 'Меркурий', 31),
	(125, 'Вулкан', 31),
	(126, 'Хорватия', 32),
	(127, 'Македония', 32),
	(128, 'Словения', 32),
	(129, 'Албания', 32),
	(130, 'Алексей Константинович', 33),
	(131, 'Александр Сергеевич', 33),
	(132, 'Алексей Григорьевич', 33),
	(133, 'Александр Васильевич', 33),
	(134, 'Сицилию', 34),
	(135, 'Сардинию', 34),
	(136, 'Корсику', 34),
	(137, 'Мальту', 34),
	(138, 'Андре Мари Ампер', 35),
	(139, 'Алессандро Вольта', 35),
	(140, 'Георг Ом', 35),
	(141, 'Джеймс Прескотт Джоуль', 35),
	(142, 'Флореаль', 36),
	(143, 'Прериаль', 36),
	(144, 'Жерминаль', 36),
	(145, 'Мистраль', 36),
	(146, 'Бескрайних полей', 37),
	(147, 'Горного пейзажа', 37),
	(148, 'Морского пейзажа', 37),
	(149, 'Бескрайних лесов', 37),
	(150, 'Арайское', 38),
	(151, 'Ионическое', 38),
	(152, 'Эгейское', 38),
	(153, 'Саргассово', 38),
	(154, 'Швейцария', 39),
	(155, 'Андорра', 39),
	(156, 'Сан-Марино', 39),
	(157, 'Лихтенштейн', 39),
	(158, 'Паскаль', 40),
	(159, 'Бэйсик', 40),
	(160, 'Си++', 40),
	(161, 'Перл', 40),
	(162, 'Алькор', 41),
	(163, 'Адара', 41),
	(164, 'Ригель', 41),
	(165, 'Акрукс', 41),
	(166, 'Ричард Бахман', 42),
	(167, 'Джон Фешоу', 42),
	(168, 'Билл Пибоди', 42),
	(169, 'Рекс Стаут', 42),
	(170, 'Резана', 43),
	(171, 'Веверица', 43),
	(172, 'Куна', 43),
	(173, 'Ногата', 43),
	(174, '"Уранометрия"', 44),
	(175, '"Космотеория"', 44),
	(176, '"Небесная сфера"', 44),
	(177, '"Светила"', 44),
	(178, 'К практике', 45),
	(179, 'К опыту', 45),
	(180, 'К истине', 45),
	(181, 'К Нобелевской премии', 45),
	(182, 'Монако', 46),
	(183, 'Сильверстоун', 46),
	(184, 'Имола', 46),
	(185, 'Монца', 46),
	(186, 'Древний Рим', 47),
	(187, 'Македония', 47),
	(188, 'Персия', 47),
	(189, 'Спарта', 47),
	(190, 'Котопахи', 48),
	(191, 'Попокатепетль', 48),
	(192, 'Мауна-Лоа', 48),
	(193, 'Ключевская Сопка', 48),
	(194, 'Григорий IX', 49),
	(195, 'Григорий XIII', 49),
	(196, 'Григорий VII', 49),
	(197, 'Григорий XI', 49),
	(198, 'Даосизм', 50),
	(199, 'Индуизм', 50),
	(200, 'Иудаизм', 50),
	(201, 'Буддизм', 50);
/*!40000 ALTER TABLE `answers` ENABLE KEYS */;


-- Дамп структуры для таблица my_tests.category
CREATE TABLE IF NOT EXISTS `category` (
  `id` int(11) unsigned NOT NULL AUTO_INCREMENT,
  `name` text,
  `description` text,
  `image` char(50) DEFAULT NULL,
  PRIMARY KEY (`id`)
) ENGINE=InnoDB AUTO_INCREMENT=5 DEFAULT CHARSET=utf8 COMMENT='Таблица с категориями';

-- Дамп данных таблицы my_tests.category: ~4 rows (приблизительно)
/*!40000 ALTER TABLE `category` DISABLE KEYS */;
INSERT INTO `category` (`id`, `name`, `description`, `image`) VALUES
	(1, 'Будь вниматилен', 'Веселые и интересные вопросы без возрасных ограничений.', 'fany-test.jpg'),
	(2, 'Для разминки', 'Легкие и шуточные вопросы знакомые со школьной скамьи.', 'easy.gif'),
	(3, 'Блесни интелектом ', 'Вопросы средней степени тяжести для истинных ценитилей.', 'chess.jpg'),
	(4, 'Полный разрыв мозга', 'Уровень, достойный Эйнштейна.', 'einstein.jpeg');
/*!40000 ALTER TABLE `category` ENABLE KEYS */;


-- Дамп структуры для таблица my_tests.goodanswer
CREATE TABLE IF NOT EXISTS `goodanswer` (
  `id` int(11) unsigned NOT NULL AUTO_INCREMENT,
  `questions_id` int(11) unsigned NOT NULL DEFAULT '0',
  `answers_id` int(11) unsigned NOT NULL DEFAULT '0',
  PRIMARY KEY (`id`),
  KEY `FK_goodanswer_questions` (`questions_id`),
  KEY `FK_goodanswer_answers` (`answers_id`),
  CONSTRAINT `FK_goodanswer_answers` FOREIGN KEY (`answers_id`) REFERENCES `answers` (`id`),
  CONSTRAINT `FK_goodanswer_questions` FOREIGN KEY (`questions_id`) REFERENCES `questions` (`id`)
) ENGINE=InnoDB AUTO_INCREMENT=61 DEFAULT CHARSET=utf8 COMMENT='Таблица с правельными ответами';

-- Дамп данных таблицы my_tests.goodanswer: ~48 rows (приблизительно)
/*!40000 ALTER TABLE `goodanswer` DISABLE KEYS */;
INSERT INTO `goodanswer` (`id`, `questions_id`, `answers_id`) VALUES
	(1, 1, 1),
	(4, 2, 6),
	(5, 3, 11),
	(6, 4, 15),
	(8, 5, 19),
	(10, 6, 21),
	(12, 7, 26),
	(13, 8, 32),
	(14, 9, 33),
	(15, 10, 39),
	(16, 11, 41),
	(17, 12, 47),
	(18, 13, 52),
	(19, 14, 53),
	(20, 15, 57),
	(21, 16, 63),
	(22, 17, 66),
	(23, 18, 71),
	(25, 19, 75),
	(26, 20, 80),
	(27, 21, 84),
	(28, 22, 86),
	(29, 23, 89),
	(31, 24, 94),
	(32, 25, 98),
	(33, 26, 101),
	(34, 27, 107),
	(36, 28, 112),
	(37, 29, 115),
	(38, 30, 121),
	(40, 31, 122),
	(41, 32, 127),
	(43, 33, 131),
	(44, 34, 134),
	(45, 35, 140),
	(46, 36, 145),
	(47, 37, 147),
	(48, 38, 153),
	(49, 39, 156),
	(50, 40, 159),
	(51, 41, 162),
	(52, 42, 166),
	(53, 43, 171),
	(54, 44, 174),
	(55, 45, 181),
	(56, 46, 184),
	(57, 47, 187),
	(58, 48, 190),
	(59, 49, 195),
	(60, 50, 201);
/*!40000 ALTER TABLE `goodanswer` ENABLE KEYS */;


-- Дамп структуры для таблица my_tests.questions
CREATE TABLE IF NOT EXISTS `questions` (
  `id` int(11) unsigned NOT NULL AUTO_INCREMENT,
  `quest` text,
  `category_id` int(11) unsigned NOT NULL,
  PRIMARY KEY (`id`),
  KEY `FK_questions_category` (`category_id`),
  CONSTRAINT `FK_questions_category` FOREIGN KEY (`category_id`) REFERENCES `category` (`id`)
) ENGINE=InnoDB AUTO_INCREMENT=51 DEFAULT CHARSET=utf8 COMMENT='Таблица с вопросами';

-- Дамп данных таблицы my_tests.questions: ~45 rows (приблизительно)
/*!40000 ALTER TABLE `questions` DISABLE KEYS */;
INSERT INTO `questions` (`id`, `quest`, `category_id`) VALUES
	(1, 'Может ли дождь идти два дня подряд?', 1),
	(2, 'Бывает ли в Австралии 29 февраля?', 1),
	(3, ' Ты поджег 11 факелов, три из них погасли. Сколько факелов не сгорит?', 1),
	(4, 'В клетке 12 попугаев. Все, кроме 11-ти, улетели. Сколько попугаев осталось?', 1),
	(5, 'Ты за рулем машины, в которой сидят два семидесятилетних старца, тридцати трехлетний человек, Твоя двухлетняя племянница Оля и четырнадцатилетний брат Максим. Сколько лет водителю?', 1),
	(6, 'Из-под забора видны 6 пар лошадиных ног. Сколько лошадей за забором?', 1),
	(7, 'Семь сестер находятся на даче, где каждая занята каким-то делом. Первая сестра читает книгу, вторая — готовит еду, третья — играет в шахматы, четвертая — разгадывает судоку, пятая — занимается стиркой, шестая — ухаживает за растениями. А чем занимается седьмая сестра?', 1),
	(8, 'К реке подходят два человека. У берега лодка, которая может выдержать только одного. Оба человека переправились на противоположный берег. Как? ', 1),
	(9, 'Два пятиклассника Петя и Алёнка идут со школы и разговаривают.  Когда "послезавтра" станет "вчера", - сказал один из них, - то "сегодня" будет так же далеко от воскресенья, как и тот день, который был "сегодня", когда "позавчера" было "завтра". В какой день недели они разговаривали?', 1),
	(10, 'Стоит богатый дом и бедный. Они горят. Какой дом будет тушить полиция? ', 1),
	(11, 'Сколько лет в году? ', 1),
	(12, 'В один день в одном роддоме родились 2 мальчика. Их родители переехали в один и тот же дом. Жили мальчики на одной и той же лестничной площадке, пошли в одну и ту же школу, в один и тот же класс. Но они никогда не видели друг друга. Как это может быть? ', 1),
	(13, 'Что можно взять в левую руку, но нельзя в правую? ', 1),
	(14, 'Что я могу сделать, чего ты никогда в жизни повторить не сможешь? ', 1),
	(15, 'Как звали невесту Эдмона Дантеса, будущего графа Монте-Кристо?', 2),
	(16, 'Что в советские времена означало наличие на товаре знака "звезда в пятиугольнике"?', 2),
	(17, 'Как называется ручное орудие для рыхления земли, известное еще с каменного века?', 2),
	(18, 'Какая дисциплина предсказывает будущее по звездам?', 2),
	(19, 'Что в русской сказке просила привезти купца его младшая дочь?', 2),
	(20, 'С помощью какого цветка девушки обычно выясняют, любят их или нет?', 2),
	(21, 'Когда, согласно поговорке, приходит аппетит?', 2),
	(22, 'Что в известной сказке пустил царевич, желая найти хорошую невесту?', 2),
	(23, 'О ком или о чем пишут в автобиографиях?', 2),
	(24, 'Какая жидкость вечно гонима на Руси?', 2),
	(25, 'Чем Остап Бендер призывал ударить по бездорожью и разгильдяйству?', 2),
	(26, 'Как в сказке Ш. Перро заканчивается фраза Красной Шапочки: "Бабушка, почему у тебя..."?', 2),
	(27, 'Какое из этих произведений написано Александром Дюма?', 3),
	(28, 'Какая планета при наблюдении с Земли самая яркая?', 3),
	(29, 'Какая страна является родиной кофе?', 3),
	(30, 'Как называется статья, занимающая всю нижнюю часть газетного листа?', 3),
	(31, 'Как древние римляне назвали греческого Зевса?', 3),
	(32, 'Какая из этих стран не имеет морского побережья?', 3),
	(33, 'Как звали Грибоедова - автора бессмертной комедии "Горе от ума"?', 3),
	(34, 'Какой остров пинает сапог Италии?', 3),
	(35, 'В честь какого из этих ученых названа единица электрического сопротивления?', 3),
	(36, 'Что из перечисленного не является месяцем французского республиканского календаря?', 3),
	(37, 'На фоне чего изображена Мона Лиза на картине Леонардо да Винчи?', 3),
	(38, 'Какое море получило своё название от плавающих на его поверхности водорослей?', 3),
	(39, 'Какое из современных государств Европы - древнейшее?', 4),
	(40, 'Какой язык считается самым плохим языком программирования?', 4),
	(41, 'Какая звезда в Большой Медведице составляет с Мицаром двойную звезду?', 4),
	(42, 'Назовите псевдоним Стивена Кинга, под которым он написал 6 неплохих романов.', 4),
	(43, 'Как называлась самая мелкая, неделимая денежная единица в Древней Руси?', 4),
	(44, 'Как назывался первый атлас всех звезд, видимых невооруженным глазом, который был издан в 1603 году Иоганном Байером?', 4),
	(45, 'Как заканчивается фраза Ф.Жолио-Кюри: "Чем дальше эксперимент от теории, тем ближе он ..."?', 4),
	(46, 'На какой трассе "Формулы-1" погиб великий Айртон Сенна?', 4),
	(47, 'Эмигрантами из какой страны были предки последней царицы Египта Клеопатры?', 4),
	(48, 'Какой из этих действующих вулканов - самый высокий?', 4),
	(49, 'Какой из римских пап провел реформу календаря?', 4),
	(50, 'Одним из направлений какой религиозной философии является учение Дзен?', 4);
/*!40000 ALTER TABLE `questions` ENABLE KEYS */;
/*!40101 SET SQL_MODE=IFNULL(@OLD_SQL_MODE, '') */;
/*!40014 SET FOREIGN_KEY_CHECKS=IF(@OLD_FOREIGN_KEY_CHECKS IS NULL, 1, @OLD_FOREIGN_KEY_CHECKS) */;
/*!40101 SET CHARACTER_SET_CLIENT=@OLD_CHARACTER_SET_CLIENT */;
